<?xml version="1.0" encoding="UTF-8"?>
<component type="desktop-application">
  <id>io.github.ferraridamiano.ConverterNOW</id>

  <name>Converter NOW: Unit Converter</name>
  <summary>A simple, immediate and fast unit converter!</summary>
  <url type="homepage">https://github.com/ferraridamiano/ConverterNOW</url>
  <url type="bugtracker">https://github.com/ferraridamiano/ConverterNOW/issues</url>
  <url type="donation">https://www.paypal.me/DemApps</url>
  <url type="translate">https://github.com/ferraridamiano/ConverterNOW/wiki/Translations</url>

  <metadata_license>MIT</metadata_license>
  <project_license>GPL-3.0-or-later</project_license>
  <developer_name>Damiano Ferrari</developer_name>

  <supports>
    <control>pointing</control>
    <control>keyboard</control>
    <control>touch</control>
  </supports>

  <description>
    <p>
      Converter NOW is an effective unit and currencies converter
    </p>
    <ul>
      <li>✔️ Simplify the tedious conversion process between units of measurement in a few clicks</li>
      <li>🚀 It is  fast and immediate: just start typing and immediately you have the real-time conversion with all the other units of measurement</li>
      <li>🖌️ It is customizable: the units can be reorganized according to your priorities and your use</li>
      <li>🔢 It integrates a calculator that let you do the calculations in every page</li>
      <li>💰 Currency exchange rates updated daily</li>
      <li>🎨 Dynamic theming based on your device settings</li>
      <li>⚫⚪ Choose your favorite theme: dark and white theme</li>
      <li>📱🖥️ Multiplatform: available for Android, Web, Linux and Windows</li>
      <li>💯 It is free, no ads, no data collection, no permissions (just Internet to update currency conversions) and first of all it is open source!</li>
    </ul>
    <p>
      Converter NOW can convert 200+ units of measurement and 30+ currencies 🎉🎉
    </p>
    <p>
      Here are some of the physical quantity that Converter NOW is able to convert:
    </p>
    <ul>
      <li>Currencies: Dollars, Euro, Pound, Rupee, Yen, etc.</li>
      <li>Length: meters, inches, miles, yards, light years, etc.</li>
      <li>Area: square meters, hectares, acres, etc.</li>
      <li>Volume: cubic meters, liters, gallons, pints, spoons, etc.</li>
      <li>Time: seconds, hours, days, years, weeks, millennia, etc.</li>
      <li>Temperature: Centigrade, Fahrenheit, Kelvin, etc.</li>
      <li>Speed: meters per second, kilometers per hour, knots, etc.</li>
      <li>Mass: grams, pounds, tons, atomic mass units, etc.</li>
      <li>Force: Newton, dyne, pound-force, poundal, etc</li>
      <li>Pressure: pascal, bar, atmosphere, psi, etc.</li>
      <li>Energy: Joule, calories, kilowatt hours, etc.</li>
      <li>Power: Watt, kilowatt, horsepower, etc.</li>
      <li>Fuel consumption: Miles per Gallon, Kilometers per liter, etc.</li>
      <li>Numeral systems: decimal, binary, hexadecimal etc.</li>
      <li>Torque: Newton meter, pound-force foot, poundal meter, etc.</li>
      <li>Digital data: Nibble, bit, byte, kibibit, kibibyte, etc.</li>
      <li>Shoes size: UK, India, Europe, USA, Japan, etc.</li>
      <li>Angles: degree, radians, minutes, etc.</li>
      <li>SI prefix: kilo, mega, giga, tera, milli, micro, nano, etc.</li>
    </ul>
  </description>

  <launchable type="desktop-id">io.github.ferraridamiano.ConverterNOW.desktop</launchable>
  <screenshots>
    <screenshot type="default">
      <caption>Easily convert units. It's reliable, customizable, open source.</caption>
      <image>https://raw.githubusercontent.com/ferraridamiano/ConverterNOW/master/screenshots/1.png</image>
    </screenshot>
    <screenshot>
      <caption>A settings page to customize every aspect of the app</caption>
      <image>https://raw.githubusercontent.com/ferraridamiano/ConverterNOW/master/screenshots/2.png</image>
    </screenshot>
    <screenshot>
      <caption>With an integrated calculator</caption>
      <image>https://raw.githubusercontent.com/ferraridamiano/ConverterNOW/master/screenshots/3.png</image>
    </screenshot>
    <screenshot>
      <caption>And an integrated search box</caption>
      <image>https://raw.githubusercontent.com/ferraridamiano/ConverterNOW/master/screenshots/4.png</image>
    </screenshot>
  </screenshots>
  <content_rating type="oars-1.0"/>
  <releases>
    <release version="4.2.3" date="2024-08-18">
      <description>
        <ul>
          <li>🎨 Graphic Enhancements> for big screens</li>
          <li>🌍 Updated translations Thanks to @rehork, @MajoranaOedipus, @FTno</li>
          <li>🐞 Bug Fixes and General Improvements! We've worked hard to provide you with an even better experience</li>
        </ul>
        <p>Do you like Converter NOW? Leave a review and let us know what you think! ✔️</p>
      </description>
    </release>
    <release version="4.2.2" date="2024-05-26">
      <description>
        <ul>
          <li>🎨 Custom Themes! Give your app a unique touch by choosing your favorite theme.</li>
          <li>⚙️ Optimized Settings Page! Now even simpler and more intuitive to use.</li>
          <li>✨ Graphic Enhancements! Small improvements that make the app even more beautiful and enjoyable to use.</li>
          <li>🌍 Improved Translations! Thanks to @rehork and @pereorga, the Polish and Catalan versions are more accurate than ever.</li>
          <li>🐞 Bug Fixes and General Improvements! We've worked hard to provide you with an even better experience.</li>
        </ul>
        <p>Do you like Converter NOW? Leave a review and let us know what you think! ✔️</p>
      </description>
    </release>
    <release version="4.2.1" date="2024-02-25">
      <description>
        <ul>
          <li>You can now block the internet access to the app</li>
          <li>Improved the license page</li>
          <li>Improved the russian translation (@Atrafon)</li>
          <li>Added catalan translation (@pereorga)</li>
          <li>Bugfix and general improvements</li>
        </ul>
        <p>What do you think about Converter NOW? Rate the app! ✔️</p>
      </description>
    </release>
    <release version="4.2.0" date="2023-12-02">
      <description>
        <ul>
          <li>UI improvements</li>
          <li>Improved french translation (credits: @Vsnmrn)</li>
          <li>General improvements</li>
          <li>Bugfix</li>
        </ul>
        <p>What do you think about Converter NOW? Rate the app! ✔️</p>
      </description>
    </release>
    <release version="4.1.0" date="2023-08-17">
      <description>
        <ul>
          <li>Material you improvements</li>
          <li>The calculator has a new look</li>
          <li>Added dutch, chinese and traditional chinese translations</li>
          <li>Improvements to other translations</li>
          <li>Icons tweaks</li>
          <li>General improvements</li>
        </ul>
        <p>Thanks to @David-git-code, @syu-pf-ssy, @plum7x, @HarshMakwana27 for your contributions!</p>
        <p>What do you think about Converter NOW? Rate the app! ✔️</p>
      </description>
    </release>
    <release version="4.0.1" date="2023-02-15">
      <description>
        <ul>
          <li>Fixed bug with currencies page after v4 update</li>
          <li>Improved polish translations</li>
        </ul>
      </description>
    </release>
    <release version="4.0.0" date="2023-02-07">
      <description>
        <p>Introducing Converter NOW 4.0!</p>
        <ul>
          <li>Finished the migration to Material You</li>
          <li>Dynamic theming support on supported desktop environments</li>
          <li>New icons</li>
          <li>Translations updates</li>
          <li>Bug fixes and general improvements</li>
        </ul>
      </description>
    </release>
    <release version="3.2.1" date="2022-10-01">
      <description>
        <ul>
          <li>Unit symbols are now always visible</li>
        </ul>
        <p>Thanks to @rehork for your suggestion!</p>
      </description>
    </release>
    <release version="3.2.0" date="2022-09-21">
      <description>
        <ul>
          <li>Migration to Material You</li>
          <li>Added window icon</li>
          <li>Added Polish translation</li>
          <li>Bugfixes</li>
        </ul>
        <p>Thanks to @rehork for your contributions!</p>
      </description>
    </release>
    <release version="3.1.2" date="2022-03-28"/>
    <release version="3.1.1" date="2022-01-18"/>
  </releases>
</component>
